{"PlayerData":{"curHP":100.0,"LastRocate":{"x":-2.3436985858993342e-12,"y":0.07004255056381226,"z":-1.092000623259537e-8},"LastMapIndex":5,"Soul":0,"Level":0},"PlayerInventory":{"InventoryItemCode":[0,0,0,0,0,0,0,0,0,0,0,0,0,0,0,0,0,0,0,0],"EquipmentItemCode":[0,0,0,0,0,0]}}