{"PlayerData":{"curHP":100.0,"LastRocate":{"x":-7.0522702261266446e-12,"y":0.07004255056381226,"z":-1.0667117855689412e-8},"LastMapIndex":5,"Soul":0,"Level":0},"PlayerInventory":{"InventoryItemCode":[0,0,0,0,0,0,0,0,0,0,0,0,0,0,0,0,0,0,0,0],"EquipmentItemCode":[0,0,0,0,0,0]}}