{
  "PlayerData": {
    "curHP": 150.0,
    "LastRocate": {
      "x": 1.4037469625473023,
      "y": 0.07004284858703613,
      "z": 0.04389838129281998
    },
    "LastMapIndex": 5,
    "Soul": 300,
    "Level": 5
  },
  "PlayerInventory": {
    "InventoryItemCode": [
      34,
      35,
      11,
      12,
      13,
      22,
      23,
      24,
      -1,
      -1,
      -1,
      -1,
      -1,
      -1,
      -1,
      -1,
      -1,
      -1,
      -1,
      -1
    ],
    "EquipmentItemCode": [
      11,
      22,
      33,
      24,
      35,
      0
    ]
  }
}