{
  "PlayerData": {
    "curHP": 100.0,
    "LastRocate": {
      "x": 1.4037469625473023,
      "y": 0.07004284858703613,
      "z": 0.04389838129281998
    },
    "LastMapIndex": 5,
    "Soul": 100,
    "Level": 0
  },
  "PlayerInventory": {
    "InventoryItemCode": [
      34,
      35,
      12,
      33,
      32,
      31,
      34,
      33,
      -1,
      -1,
      -1,
      -1,
      -1,
      -1,
      -1,
      -1,
      -1,
      -1,
      -1,
      -1
    ],
    "EquipmentItemCode": [
      31,
      32,
      33,
      34,
      35,
      0
    ]
  }
}