{"PlayerData":{"curHP":100.0,"LastRocate":{"x":4.663885593414307,"y":0.07004213333129883,"z":1.9221956729888917},"LastMapIndex":5,"Soul":0,"Level":0},"PlayerInventory":{"InventoryItemCode":[0,0,0,0,0,0,0,0,0,0,0,0,0,0,0,0,0,0,0,0],"EquipmentItemCode":[0,0,0,0,0,0]}}