{"PlayerData":{"curHP":100.0,"LastRocate":{"x":5.7851972579956059,"y":0.07004189491271973,"z":4.801446437835693},"LastMapIndex":5,"Soul":0,"Level":0},"PlayerInventory":{"InventoryItemCode":[0,0,0,0,0,0,0,0,0,0,0,0,0,0,0,0,0,0,0,0],"EquipmentItemCode":[0,0,0,0,0,0]}}